{
  "step_threshold": 0.6524066745545527,
  "min_peak_distance": 34,
  "base_step_length_cm": 65.3636820354676
}